bz_integration,calculations_type,code,cutoff,element,exchange,k-point,property,smearing,state_equation,structure,value
TetraBloechl,PseudoPot,VASP,550,Mo,Ca,6,B,xxx,murnaghan,bcc,302.760418279
TetraBloechl,PseudoPot,VASP,550,Mo,Ca,6,B,xxx,murnaghan,bcc,302.760418279
TetraBloechl,PseudoPot,VASP,550,Mo,Ca,6,a0,xxx,murnaghan,bcc,3.10828957434
TetraBloechl,PseudoPot,VASP,550,Mo,Ca,6,a0,xxx,murnaghan,bcc,3.10828957434
TetraBloechl,PseudoPot,VASP,550,Mo,Ca,6,dB,xxx,murnaghan,bcc,4.30572456497
TetraBloechl,PseudoPot,VASP,550,Mo,Ca,6,dB,xxx,murnaghan,bcc,4.30572456497
TetraBloechl,PseudoPot,VASP,550,Mo,Ca,6,e0,xxx,murnaghan,bcc,-12.2218488242
TetraBloechl,PseudoPot,VASP,550,Mo,Ca,6,e0,xxx,murnaghan,bcc,-12.2218488242
TetraBloechl,PseudoPot,VASP,550,Mo,Ca,8,B,xxx,murnaghan,bcc,300.993931586
TetraBloechl,PseudoPot,VASP,550,Mo,Ca,8,a0,xxx,murnaghan,bcc,3.1107353298
TetraBloechl,PseudoPot,VASP,550,Mo,Ca,8,dB,xxx,murnaghan,bcc,4.26289148646
TetraBloechl,PseudoPot,VASP,550,Mo,Ca,8,e0,xxx,murnaghan,bcc,-12.2153958735
TetraBloechl,PseudoPot,VASP,550,Mo,Ca,10,B,xxx,murnaghan,bcc,302.341747339
TetraBloechl,PseudoPot,VASP,550,Mo,Ca,10,a0,xxx,murnaghan,bcc,3.1097442993
TetraBloechl,PseudoPot,VASP,550,Mo,Ca,10,dB,xxx,murnaghan,bcc,4.25992587864
TetraBloechl,PseudoPot,VASP,550,Mo,Ca,10,e0,xxx,murnaghan,bcc,-12.2148036894
TetraBloechl,PseudoPot,VASP,550,Mo,Ca,12,B,xxx,murnaghan,bcc,301.998699162
TetraBloechl,PseudoPot,VASP,550,Mo,Ca,12,a0,xxx,murnaghan,bcc,3.10905552671
TetraBloechl,PseudoPot,VASP,550,Mo,Ca,12,dB,xxx,murnaghan,bcc,4.25919397107
TetraBloechl,PseudoPot,VASP,550,Mo,Ca,12,e0,xxx,murnaghan,bcc,-12.2266336685
TetraBloechl,PseudoPot,VASP,550,Mo,Ca,14,B,xxx,murnaghan,bcc,300.767550046
TetraBloechl,PseudoPot,VASP,550,Mo,Ca,14,a0,xxx,murnaghan,bcc,3.10928512372
TetraBloechl,PseudoPot,VASP,550,Mo,Ca,14,dB,xxx,murnaghan,bcc,4.33563543541
TetraBloechl,PseudoPot,VASP,550,Mo,Ca,14,e0,xxx,murnaghan,bcc,-12.2224848074
TetraBloechl,PseudoPot,VASP,550,Mo,Ca,16,B,xxx,murnaghan,bcc,301.756878476
TetraBloechl,PseudoPot,VASP,550,Mo,Ca,16,a0,xxx,murnaghan,bcc,3.10889843573
TetraBloechl,PseudoPot,VASP,550,Mo,Ca,16,dB,xxx,murnaghan,bcc,4.25385550271
TetraBloechl,PseudoPot,VASP,550,Mo,Ca,16,e0,xxx,murnaghan,bcc,-12.2264666755
TetraBloechl,PseudoPot,VASP,550,Mo,Ca,18,B,xxx,murnaghan,bcc,301.794342619
TetraBloechl,PseudoPot,VASP,550,Mo,Ca,18,a0,xxx,murnaghan,bcc,3.1089967622
TetraBloechl,PseudoPot,VASP,550,Mo,Ca,18,dB,xxx,murnaghan,bcc,4.252385877
TetraBloechl,PseudoPot,VASP,550,Mo,Ca,18,e0,xxx,murnaghan,bcc,-12.22577991
TetraBloechl,PseudoPot,VASP,550,Mo,Ca,20,B,xxx,murnaghan,bcc,301.830570992
TetraBloechl,PseudoPot,VASP,550,Mo,Ca,20,a0,xxx,murnaghan,bcc,3.1089445284
TetraBloechl,PseudoPot,VASP,550,Mo,Ca,20,dB,xxx,murnaghan,bcc,4.2722996174
TetraBloechl,PseudoPot,VASP,550,Mo,Ca,20,e0,xxx,murnaghan,bcc,-12.2263066083
TetraBloechl,PseudoPot,VASP,550,Mo,Ca,22,B,xxx,murnaghan,bcc,301.637244067
TetraBloechl,PseudoPot,VASP,550,Mo,Ca,22,a0,xxx,murnaghan,bcc,3.10895591188
TetraBloechl,PseudoPot,VASP,550,Mo,Ca,22,dB,xxx,murnaghan,bcc,4.25842475539
TetraBloechl,PseudoPot,VASP,550,Mo,Ca,22,e0,xxx,murnaghan,bcc,-12.2263888723
TetraBloechl,PseudoPot,VASP,550,Mo,Ca,24,B,xxx,murnaghan,bcc,301.743062862
TetraBloechl,PseudoPot,VASP,550,Mo,Ca,24,a0,xxx,murnaghan,bcc,3.10891075038
TetraBloechl,PseudoPot,VASP,550,Mo,Ca,24,dB,xxx,murnaghan,bcc,4.26712859106
TetraBloechl,PseudoPot,VASP,550,Mo,Ca,24,e0,xxx,murnaghan,bcc,-12.2262042973
TetraBloechl,PseudoPot,VASP,550,Mo,Ca,26,B,xxx,murnaghan,bcc,301.838343886
TetraBloechl,PseudoPot,VASP,550,Mo,Ca,26,a0,xxx,murnaghan,bcc,3.10896898597
TetraBloechl,PseudoPot,VASP,550,Mo,Ca,26,dB,xxx,murnaghan,bcc,4.23592703191
TetraBloechl,PseudoPot,VASP,550,Mo,Ca,26,e0,xxx,murnaghan,bcc,-12.2266253401
TetraBloechl,PseudoPot,VASP,550,Mo,Ca,28,B,xxx,murnaghan,bcc,301.708514716
TetraBloechl,PseudoPot,VASP,550,Mo,Ca,28,a0,xxx,murnaghan,bcc,3.10896285901
TetraBloechl,PseudoPot,VASP,550,Mo,Ca,28,dB,xxx,murnaghan,bcc,4.25624785026
TetraBloechl,PseudoPot,VASP,550,Mo,Ca,28,e0,xxx,murnaghan,bcc,-12.2263005195
TetraBloechl,PseudoPot,VASP,550,Mo,Ca,30,B,xxx,murnaghan,bcc,301.784243576
TetraBloechl,PseudoPot,VASP,550,Mo,Ca,30,a0,xxx,murnaghan,bcc,3.1089292849
TetraBloechl,PseudoPot,VASP,550,Mo,Ca,30,dB,xxx,murnaghan,bcc,4.25194825444
TetraBloechl,PseudoPot,VASP,550,Mo,Ca,30,e0,xxx,murnaghan,bcc,-12.2265866525
TetraBloechl,PseudoPot,VASP,550,Mo,Ca,32,B,xxx,murnaghan,bcc,301.748663083
TetraBloechl,PseudoPot,VASP,550,Mo,Ca,32,a0,xxx,murnaghan,bcc,3.10895896904
TetraBloechl,PseudoPot,VASP,550,Mo,Ca,32,dB,xxx,murnaghan,bcc,4.25436793579
TetraBloechl,PseudoPot,VASP,550,Mo,Ca,32,e0,xxx,murnaghan,bcc,-12.2264969414
TetraBloechl,PseudoPot,VASP,550,Mo,Ca,34,B,xxx,murnaghan,bcc,301.697312918
TetraBloechl,PseudoPot,VASP,550,Mo,Ca,34,a0,xxx,murnaghan,bcc,3.10894043631
TetraBloechl,PseudoPot,VASP,550,Mo,Ca,34,dB,xxx,murnaghan,bcc,4.2538963223
TetraBloechl,PseudoPot,VASP,550,Mo,Ca,34,e0,xxx,murnaghan,bcc,-12.2264751676
TetraBloechl,PseudoPot,VASP,550,Mo,Ca,36,B,xxx,murnaghan,bcc,301.737306623
TetraBloechl,PseudoPot,VASP,550,Mo,Ca,36,a0,xxx,murnaghan,bcc,3.10894076026
TetraBloechl,PseudoPot,VASP,550,Mo,Ca,36,dB,xxx,murnaghan,bcc,4.26008905211
TetraBloechl,PseudoPot,VASP,550,Mo,Ca,36,e0,xxx,murnaghan,bcc,-12.2265582224
TetraBloechl,PseudoPot,VASP,550,Mo,Ca,38,B,xxx,murnaghan,bcc,301.736351744
TetraBloechl,PseudoPot,VASP,550,Mo,Ca,38,a0,xxx,murnaghan,bcc,3.10893809169
TetraBloechl,PseudoPot,VASP,550,Mo,Ca,38,dB,xxx,murnaghan,bcc,4.25464849238
TetraBloechl,PseudoPot,VASP,550,Mo,Ca,38,e0,xxx,murnaghan,bcc,-12.2265020006
TetraBloechl,PseudoPot,VASP,550,Mo,Ca,40,B,xxx,murnaghan,bcc,301.775542793
TetraBloechl,PseudoPot,VASP,550,Mo,Ca,40,a0,xxx,murnaghan,bcc,3.10895354335
TetraBloechl,PseudoPot,VASP,550,Mo,Ca,40,dB,xxx,murnaghan,bcc,4.2495958959
TetraBloechl,PseudoPot,VASP,550,Mo,Ca,40,e0,xxx,murnaghan,bcc,-12.2265803505
TetraBloechl,PseudoPot,VASP,550,Mo,Ca,44,B,xxx,murnaghan,bcc,301.763505444
TetraBloechl,PseudoPot,VASP,550,Mo,Ca,44,a0,xxx,murnaghan,bcc,3.10893431016
TetraBloechl,PseudoPot,VASP,550,Mo,Ca,44,dB,xxx,murnaghan,bcc,4.25963610614
TetraBloechl,PseudoPot,VASP,550,Mo,Ca,44,e0,xxx,murnaghan,bcc,-12.2265697488
TetraBloechl,PseudoPot,VASP,550,Mo,Ca,46,B,xxx,murnaghan,bcc,301.760895932
TetraBloechl,PseudoPot,VASP,550,Mo,Ca,46,a0,xxx,murnaghan,bcc,3.10895301404
TetraBloechl,PseudoPot,VASP,550,Mo,Ca,46,dB,xxx,murnaghan,bcc,4.25316616245
TetraBloechl,PseudoPot,VASP,550,Mo,Ca,46,e0,xxx,murnaghan,bcc,-12.226546575
TetraBloechl,PseudoPot,VASP,550,Mo,Ca,48,B,xxx,murnaghan,bcc,301.713911749
TetraBloechl,PseudoPot,VASP,550,Mo,Ca,48,a0,xxx,murnaghan,bcc,3.10894186257
TetraBloechl,PseudoPot,VASP,550,Mo,Ca,48,dB,xxx,murnaghan,bcc,4.2573381073
TetraBloechl,PseudoPot,VASP,550,Mo,Ca,48,e0,xxx,murnaghan,bcc,-12.2265254736
TetraBloechl,PseudoPot,VASP,550,Mo,Ca,50,B,xxx,murnaghan,bcc,301.758273791
TetraBloechl,PseudoPot,VASP,550,Mo,Ca,50,a0,xxx,murnaghan,bcc,3.10894359221
TetraBloechl,PseudoPot,VASP,550,Mo,Ca,50,dB,xxx,murnaghan,bcc,4.25260454575
TetraBloechl,PseudoPot,VASP,550,Mo,Ca,50,e0,xxx,murnaghan,bcc,-12.2265700546
TetraBloechl,PseudoPot,VASP,550,Mo,Ca,52,B,xxx,murnaghan,bcc,301.733958398
TetraBloechl,PseudoPot,VASP,550,Mo,Ca,52,a0,xxx,murnaghan,bcc,3.10894584368
TetraBloechl,PseudoPot,VASP,550,Mo,Ca,52,dB,xxx,murnaghan,bcc,4.25279262184
TetraBloechl,PseudoPot,VASP,550,Mo,Ca,52,e0,xxx,murnaghan,bcc,-12.2265405885
TetraBloechl,PseudoPot,VASP,550,Mo,Ca,54,B,xxx,murnaghan,bcc,301.760211569
TetraBloechl,PseudoPot,VASP,550,Mo,Ca,54,a0,xxx,murnaghan,bcc,3.10894437642
TetraBloechl,PseudoPot,VASP,550,Mo,Ca,54,dB,xxx,murnaghan,bcc,4.25861657142
TetraBloechl,PseudoPot,VASP,550,Mo,Ca,54,e0,xxx,murnaghan,bcc,-12.2265673486
TetraBloechl,PseudoPot,VASP,550,Mo,Ca,56,B,xxx,murnaghan,bcc,301.736781445
TetraBloechl,PseudoPot,VASP,550,Mo,Ca,56,a0,xxx,murnaghan,bcc,3.10894749323
TetraBloechl,PseudoPot,VASP,550,Mo,Ca,56,dB,xxx,murnaghan,bcc,4.25234137923
TetraBloechl,PseudoPot,VASP,550,Mo,Ca,56,e0,xxx,murnaghan,bcc,-12.2265416626
TetraBloechl,PseudoPot,VASP,550,Mo,Ca,58,B,xxx,murnaghan,bcc,301.762320909
TetraBloechl,PseudoPot,VASP,550,Mo,Ca,58,a0,xxx,murnaghan,bcc,3.10893792491
TetraBloechl,PseudoPot,VASP,550,Mo,Ca,58,dB,xxx,murnaghan,bcc,4.26320175911
TetraBloechl,PseudoPot,VASP,550,Mo,Ca,58,e0,xxx,murnaghan,bcc,-12.2265620027
TetraBloechl,PseudoPot,VASP,550,Mo,Ca,60,B,xxx,murnaghan,bcc,301.76216774
TetraBloechl,PseudoPot,VASP,550,Mo,Ca,60,a0,xxx,murnaghan,bcc,3.10895181617
TetraBloechl,PseudoPot,VASP,550,Mo,Ca,60,dB,xxx,murnaghan,bcc,4.25365949052
TetraBloechl,PseudoPot,VASP,550,Mo,Ca,60,e0,xxx,murnaghan,bcc,-12.2265542225
TetraBloechl,PseudoPot,VASP,550,Mo,Ca,62,B,xxx,murnaghan,bcc,301.730727246
TetraBloechl,PseudoPot,VASP,550,Mo,Ca,62,a0,xxx,murnaghan,bcc,3.10894257847
TetraBloechl,PseudoPot,VASP,550,Mo,Ca,62,dB,xxx,murnaghan,bcc,4.25926075702
TetraBloechl,PseudoPot,VASP,550,Mo,Ca,62,e0,xxx,murnaghan,bcc,-12.2265465247
TetraBloechl,PseudoPot,VASP,550,Mo,Ca,64,B,xxx,murnaghan,bcc,301.754553244
TetraBloechl,PseudoPot,VASP,550,Mo,Ca,64,a0,xxx,murnaghan,bcc,3.10894458844
TetraBloechl,PseudoPot,VASP,550,Mo,Ca,64,dB,xxx,murnaghan,bcc,4.25224299885
TetraBloechl,PseudoPot,VASP,550,Mo,Ca,64,e0,xxx,murnaghan,bcc,-12.2265666522
TetraBloechl,PseudoPot,VASP,550,Mo,Ca,66,B,xxx,murnaghan,bcc,301.750898782
TetraBloechl,PseudoPot,VASP,550,Mo,Ca,66,a0,xxx,murnaghan,bcc,3.10894759458
TetraBloechl,PseudoPot,VASP,550,Mo,Ca,66,dB,xxx,murnaghan,bcc,4.25559997152
TetraBloechl,PseudoPot,VASP,550,Mo,Ca,66,e0,xxx,murnaghan,bcc,-12.2265507168
TetraBloechl,PseudoPot,VASP,550,Mo,Ca,70,B,xxx,murnaghan,bcc,301.747296671
TetraBloechl,PseudoPot,VASP,550,Mo,Ca,70,a0,xxx,murnaghan,bcc,3.10894260461
TetraBloechl,PseudoPot,VASP,550,Mo,Ca,70,dB,xxx,murnaghan,bcc,4.26093768994
TetraBloechl,PseudoPot,VASP,550,Mo,Ca,70,e0,xxx,murnaghan,bcc,-12.226553474
TetraBloechl,PseudoPot,VASP,550,Mo,Pe,8,B,xxx,murnaghan,bcc,270.061286184
TetraBloechl,PseudoPot,VASP,550,Mo,Pe,8,B,xxx,murnaghan,bcc,270.061255716
TetraBloechl,PseudoPot,VASP,550,Mo,Pe,8,a0,xxx,murnaghan,bcc,3.15253583102
TetraBloechl,PseudoPot,VASP,550,Mo,Pe,8,a0,xxx,murnaghan,bcc,3.15253582123
TetraBloechl,PseudoPot,VASP,550,Mo,Pe,8,dB,xxx,murnaghan,bcc,3.8979782028
TetraBloechl,PseudoPot,VASP,550,Mo,Pe,8,dB,xxx,murnaghan,bcc,3.89800561344
TetraBloechl,PseudoPot,VASP,550,Mo,Pe,8,e0,xxx,murnaghan,bcc,-10.9406374537
TetraBloechl,PseudoPot,VASP,550,Mo,Pe,8,e0,xxx,murnaghan,bcc,-10.9406374534
TetraBloechl,PseudoPot,VASP,550,Mo,Pe,10,B,xxx,murnaghan,bcc,268.844136898
TetraBloechl,PseudoPot,VASP,550,Mo,Pe,10,B,xxx,murnaghan,bcc,268.844136898
TetraBloechl,PseudoPot,VASP,550,Mo,Pe,10,a0,xxx,murnaghan,bcc,3.15208534616
TetraBloechl,PseudoPot,VASP,550,Mo,Pe,10,a0,xxx,murnaghan,bcc,3.15208534616
TetraBloechl,PseudoPot,VASP,550,Mo,Pe,10,dB,xxx,murnaghan,bcc,3.23651014966
TetraBloechl,PseudoPot,VASP,550,Mo,Pe,10,dB,xxx,murnaghan,bcc,3.23651014966
TetraBloechl,PseudoPot,VASP,550,Mo,Pe,10,e0,xxx,murnaghan,bcc,-10.9387486411
TetraBloechl,PseudoPot,VASP,550,Mo,Pe,10,e0,xxx,murnaghan,bcc,-10.9387486411
TetraBloechl,PseudoPot,VASP,550,Mo,Pe,12,B,xxx,murnaghan,bcc,269.261068888
TetraBloechl,PseudoPot,VASP,550,Mo,Pe,12,a0,xxx,murnaghan,bcc,3.15084583825
TetraBloechl,PseudoPot,VASP,550,Mo,Pe,12,dB,xxx,murnaghan,bcc,4.17018076042
TetraBloechl,PseudoPot,VASP,550,Mo,Pe,12,e0,xxx,murnaghan,bcc,-10.9496090709
TetraBloechl,PseudoPot,VASP,550,Mo,Pe,14,B,xxx,murnaghan,bcc,268.294378268
TetraBloechl,PseudoPot,VASP,550,Mo,Pe,14,a0,xxx,murnaghan,bcc,3.15127227311
TetraBloechl,PseudoPot,VASP,550,Mo,Pe,14,dB,xxx,murnaghan,bcc,4.16454905771
TetraBloechl,PseudoPot,VASP,550,Mo,Pe,14,e0,xxx,murnaghan,bcc,-10.9458488013
TetraBloechl,PseudoPot,VASP,550,Mo,Pe,16,B,xxx,murnaghan,bcc,268.316815983
TetraBloechl,PseudoPot,VASP,550,Mo,Pe,16,a0,xxx,murnaghan,bcc,3.15074385785
TetraBloechl,PseudoPot,VASP,550,Mo,Pe,16,dB,xxx,murnaghan,bcc,4.28851809168
TetraBloechl,PseudoPot,VASP,550,Mo,Pe,16,e0,xxx,murnaghan,bcc,-10.9492476131
TetraBloechl,PseudoPot,VASP,550,Mo,Pe,18,B,xxx,murnaghan,bcc,268.354211047
TetraBloechl,PseudoPot,VASP,550,Mo,Pe,18,a0,xxx,murnaghan,bcc,3.15083820162
TetraBloechl,PseudoPot,VASP,550,Mo,Pe,18,dB,xxx,murnaghan,bcc,4.28042666565
TetraBloechl,PseudoPot,VASP,550,Mo,Pe,18,e0,xxx,murnaghan,bcc,-10.9486945364
TetraBloechl,PseudoPot,VASP,550,Mo,Pe,20,B,xxx,murnaghan,bcc,268.254235544
TetraBloechl,PseudoPot,VASP,550,Mo,Pe,20,a0,xxx,murnaghan,bcc,3.15079520102
TetraBloechl,PseudoPot,VASP,550,Mo,Pe,20,dB,xxx,murnaghan,bcc,4.28826098225
TetraBloechl,PseudoPot,VASP,550,Mo,Pe,20,e0,xxx,murnaghan,bcc,-10.9491457052
TetraBloechl,PseudoPot,VASP,550,Mo,Pe,22,B,xxx,murnaghan,bcc,268.246806567
TetraBloechl,PseudoPot,VASP,550,Mo,Pe,22,a0,xxx,murnaghan,bcc,3.15082607879
TetraBloechl,PseudoPot,VASP,550,Mo,Pe,22,dB,xxx,murnaghan,bcc,4.26201549709
TetraBloechl,PseudoPot,VASP,550,Mo,Pe,22,e0,xxx,murnaghan,bcc,-10.9492547943
TetraBloechl,PseudoPot,VASP,550,Mo,Pe,24,B,xxx,murnaghan,bcc,268.0785182
TetraBloechl,PseudoPot,VASP,550,Mo,Pe,24,a0,xxx,murnaghan,bcc,3.1507866739
TetraBloechl,PseudoPot,VASP,550,Mo,Pe,24,dB,xxx,murnaghan,bcc,4.29403520463
TetraBloechl,PseudoPot,VASP,550,Mo,Pe,24,e0,xxx,murnaghan,bcc,-10.9490142572
TetraBloechl,PseudoPot,VASP,550,Mo,Pe,26,B,xxx,murnaghan,bcc,268.384261862
TetraBloechl,PseudoPot,VASP,550,Mo,Pe,26,a0,xxx,murnaghan,bcc,3.1507893706
TetraBloechl,PseudoPot,VASP,550,Mo,Pe,26,dB,xxx,murnaghan,bcc,4.2996395469
TetraBloechl,PseudoPot,VASP,550,Mo,Pe,26,e0,xxx,murnaghan,bcc,-10.9494801233
TetraBloechl,PseudoPot,VASP,550,Mo,Pe,28,B,xxx,murnaghan,bcc,268.21034333
TetraBloechl,PseudoPot,VASP,550,Mo,Pe,28,a0,xxx,murnaghan,bcc,3.15081620689
TetraBloechl,PseudoPot,VASP,550,Mo,Pe,28,dB,xxx,murnaghan,bcc,4.30922460526
TetraBloechl,PseudoPot,VASP,550,Mo,Pe,28,e0,xxx,murnaghan,bcc,-10.9491702799
TetraBloechl,PseudoPot,VASP,550,Mo,Pe,30,B,xxx,murnaghan,bcc,268.282669888
TetraBloechl,PseudoPot,VASP,550,Mo,Pe,30,a0,xxx,murnaghan,bcc,3.15076950071
TetraBloechl,PseudoPot,VASP,550,Mo,Pe,30,dB,xxx,murnaghan,bcc,4.29658518761
TetraBloechl,PseudoPot,VASP,550,Mo,Pe,30,e0,xxx,murnaghan,bcc,-10.9494046575
TetraBloechl,PseudoPot,VASP,550,Mo,Pe,32,B,xxx,murnaghan,bcc,268.321616091
TetraBloechl,PseudoPot,VASP,550,Mo,Pe,32,a0,xxx,murnaghan,bcc,3.15080234007
TetraBloechl,PseudoPot,VASP,550,Mo,Pe,32,dB,xxx,murnaghan,bcc,4.29598696144
TetraBloechl,PseudoPot,VASP,550,Mo,Pe,32,e0,xxx,murnaghan,bcc,-10.9493589827
TetraBloechl,PseudoPot,VASP,550,Mo,Pe,34,B,xxx,murnaghan,bcc,268.145428294
TetraBloechl,PseudoPot,VASP,550,Mo,Pe,34,a0,xxx,murnaghan,bcc,3.15080630674
TetraBloechl,PseudoPot,VASP,550,Mo,Pe,34,dB,xxx,murnaghan,bcc,4.29179409791
TetraBloechl,PseudoPot,VASP,550,Mo,Pe,34,e0,xxx,murnaghan,bcc,-10.9493201206
TetraBloechl,PseudoPot,VASP,550,Mo,Pe,36,B,xxx,murnaghan,bcc,268.244168454
TetraBloechl,PseudoPot,VASP,550,Mo,Pe,36,a0,xxx,murnaghan,bcc,3.15079626514
TetraBloechl,PseudoPot,VASP,550,Mo,Pe,36,dB,xxx,murnaghan,bcc,4.28670541682
TetraBloechl,PseudoPot,VASP,550,Mo,Pe,36,e0,xxx,murnaghan,bcc,-10.9494011091
TetraBloechl,PseudoPot,VASP,550,Mo,Pe,38,B,xxx,murnaghan,bcc,268.240246862
TetraBloechl,PseudoPot,VASP,550,Mo,Pe,38,a0,xxx,murnaghan,bcc,3.15079533388
TetraBloechl,PseudoPot,VASP,550,Mo,Pe,38,dB,xxx,murnaghan,bcc,4.29235484003
TetraBloechl,PseudoPot,VASP,550,Mo,Pe,38,e0,xxx,murnaghan,bcc,-10.9493441936
TetraBloechl,PseudoPot,VASP,550,Mo,Pe,40,B,xxx,murnaghan,bcc,268.309363694
TetraBloechl,PseudoPot,VASP,550,Mo,Pe,40,a0,xxx,murnaghan,bcc,3.15079392471
TetraBloechl,PseudoPot,VASP,550,Mo,Pe,40,dB,xxx,murnaghan,bcc,4.28857761614
TetraBloechl,PseudoPot,VASP,550,Mo,Pe,40,e0,xxx,murnaghan,bcc,-10.9494297577
TetraBloechl,PseudoPot,VASP,550,Mo,Pe,48,B,xxx,murnaghan,bcc,268.240168294
TetraBloechl,PseudoPot,VASP,550,Mo,Pe,48,a0,xxx,murnaghan,bcc,3.15080335514
TetraBloechl,PseudoPot,VASP,550,Mo,Pe,48,dB,xxx,murnaghan,bcc,4.28641892308
TetraBloechl,PseudoPot,VASP,550,Mo,Pe,48,e0,xxx,murnaghan,bcc,-10.9493726768
TetraBloechl,PseudoPot,VASP,550,Mo,Pe,50,B,xxx,murnaghan,bcc,268.270730841
TetraBloechl,PseudoPot,VASP,550,Mo,Pe,50,a0,xxx,murnaghan,bcc,3.15079107989
TetraBloechl,PseudoPot,VASP,550,Mo,Pe,50,dB,xxx,murnaghan,bcc,4.29158723385
TetraBloechl,PseudoPot,VASP,550,Mo,Pe,50,e0,xxx,murnaghan,bcc,-10.9494126619
TetraBloechl,PseudoPot,VASP,550,Mo,Pe,52,B,xxx,murnaghan,bcc,268.287804005
TetraBloechl,PseudoPot,VASP,550,Mo,Pe,52,a0,xxx,murnaghan,bcc,3.15079741559
TetraBloechl,PseudoPot,VASP,550,Mo,Pe,52,dB,xxx,murnaghan,bcc,4.2909846479
TetraBloechl,PseudoPot,VASP,550,Mo,Pe,52,e0,xxx,murnaghan,bcc,-10.9493901605
TetraBloechl,PseudoPot,VASP,550,Mo,Pe,54,B,xxx,murnaghan,bcc,268.239254735
TetraBloechl,PseudoPot,VASP,550,Mo,Pe,54,a0,xxx,murnaghan,bcc,3.15079679773
TetraBloechl,PseudoPot,VASP,550,Mo,Pe,54,dB,xxx,murnaghan,bcc,4.2915549462
TetraBloechl,PseudoPot,VASP,550,Mo,Pe,54,e0,xxx,murnaghan,bcc,-10.9494100937
TetraBloechl,PseudoPot,VASP,550,Mo,Pe,56,B,xxx,murnaghan,bcc,268.271294457
TetraBloechl,PseudoPot,VASP,550,Mo,Pe,56,a0,xxx,murnaghan,bcc,3.15079809353
TetraBloechl,PseudoPot,VASP,550,Mo,Pe,56,dB,xxx,murnaghan,bcc,4.28970251507
TetraBloechl,PseudoPot,VASP,550,Mo,Pe,56,e0,xxx,murnaghan,bcc,-10.949389693
TetraBloechl,PseudoPot,VASP,550,Mo,Pe,58,B,xxx,murnaghan,bcc,268.229959101
TetraBloechl,PseudoPot,VASP,550,Mo,Pe,58,a0,xxx,murnaghan,bcc,3.15079530145
TetraBloechl,PseudoPot,VASP,550,Mo,Pe,58,dB,xxx,murnaghan,bcc,4.290816732
TetraBloechl,PseudoPot,VASP,550,Mo,Pe,58,e0,xxx,murnaghan,bcc,-10.9494010879
TetraBloechl,PseudoPot,VASP,550,Mo,Pe,60,B,xxx,murnaghan,bcc,268.296040909
TetraBloechl,PseudoPot,VASP,550,Mo,Pe,60,a0,xxx,murnaghan,bcc,3.15079645847
TetraBloechl,PseudoPot,VASP,550,Mo,Pe,60,dB,xxx,murnaghan,bcc,4.29480123108
TetraBloechl,PseudoPot,VASP,550,Mo,Pe,60,e0,xxx,murnaghan,bcc,-10.9494050764
TetraBloechl,PseudoPot,VASP,550,Mo,Pe,62,B,xxx,murnaghan,bcc,268.25563642
TetraBloechl,PseudoPot,VASP,550,Mo,Pe,62,a0,xxx,murnaghan,bcc,3.15080136873
TetraBloechl,PseudoPot,VASP,550,Mo,Pe,62,dB,xxx,murnaghan,bcc,4.28278620786
TetraBloechl,PseudoPot,VASP,550,Mo,Pe,62,e0,xxx,murnaghan,bcc,-10.9493920425
TetraBloechl,PseudoPot,VASP,550,Mo,Pe,64,B,xxx,murnaghan,bcc,268.27471696
TetraBloechl,PseudoPot,VASP,550,Mo,Pe,64,a0,xxx,murnaghan,bcc,3.15079131365
TetraBloechl,PseudoPot,VASP,550,Mo,Pe,64,dB,xxx,murnaghan,bcc,4.29577279269
TetraBloechl,PseudoPot,VASP,550,Mo,Pe,64,e0,xxx,murnaghan,bcc,-10.949409316
TetraBloechl,PseudoPot,VASP,550,Mo,Pe,66,B,xxx,murnaghan,bcc,268.278468335
TetraBloechl,PseudoPot,VASP,550,Mo,Pe,66,a0,xxx,murnaghan,bcc,3.15079835282
TetraBloechl,PseudoPot,VASP,550,Mo,Pe,66,dB,xxx,murnaghan,bcc,4.29181336277
TetraBloechl,PseudoPot,VASP,550,Mo,Pe,66,e0,xxx,murnaghan,bcc,-10.949399165
TetraBloechl,PseudoPot,VASP,550,Mo,Pe,68,B,xxx,murnaghan,bcc,268.243704268
TetraBloechl,PseudoPot,VASP,550,Mo,Pe,68,a0,xxx,murnaghan,bcc,3.15079598137
TetraBloechl,PseudoPot,VASP,550,Mo,Pe,68,dB,xxx,murnaghan,bcc,4.29362877161
TetraBloechl,PseudoPot,VASP,550,Mo,Pe,68,e0,xxx,murnaghan,bcc,-10.9494045591
TetraBloechl,PseudoPot,VASP,550,Mo,Pe,70,B,xxx,murnaghan,bcc,268.26652391
TetraBloechl,PseudoPot,VASP,550,Mo,Pe,70,a0,xxx,murnaghan,bcc,3.15079686589
TetraBloechl,PseudoPot,VASP,550,Mo,Pe,70,dB,xxx,murnaghan,bcc,4.29066059855
TetraBloechl,PseudoPot,VASP,550,Mo,Pe,70,e0,xxx,murnaghan,bcc,-10.9493990559
TetraBloechl,PseudoPot,VASP,550,Mo,Rp,8,B,xxx,murnaghan,bcc,259.267023593
TetraBloechl,PseudoPot,VASP,550,Mo,Rp,8,B,xxx,murnaghan,bcc,259.267023593
TetraBloechl,PseudoPot,VASP,550,Mo,Rp,8,a0,xxx,murnaghan,bcc,3.16578255576
TetraBloechl,PseudoPot,VASP,550,Mo,Rp,8,a0,xxx,murnaghan,bcc,3.16578255576
TetraBloechl,PseudoPot,VASP,550,Mo,Rp,8,dB,xxx,murnaghan,bcc,4.14536663621
TetraBloechl,PseudoPot,VASP,550,Mo,Rp,8,dB,xxx,murnaghan,bcc,4.14536663621
TetraBloechl,PseudoPot,VASP,550,Mo,Rp,8,e0,xxx,murnaghan,bcc,-10.3612715767
TetraBloechl,PseudoPot,VASP,550,Mo,Rp,8,e0,xxx,murnaghan,bcc,-10.3612715767
TetraBloechl,PseudoPot,VASP,550,Mo,Rp,10,B,xxx,murnaghan,bcc,260.223617012
TetraBloechl,PseudoPot,VASP,550,Mo,Rp,10,B,xxx,murnaghan,bcc,260.223617012
TetraBloechl,PseudoPot,VASP,550,Mo,Rp,10,a0,xxx,murnaghan,bcc,3.16527477936
TetraBloechl,PseudoPot,VASP,550,Mo,Rp,10,a0,xxx,murnaghan,bcc,3.16527477936
TetraBloechl,PseudoPot,VASP,550,Mo,Rp,10,dB,xxx,murnaghan,bcc,3.69452428277
TetraBloechl,PseudoPot,VASP,550,Mo,Rp,10,dB,xxx,murnaghan,bcc,3.69452428277
TetraBloechl,PseudoPot,VASP,550,Mo,Rp,10,e0,xxx,murnaghan,bcc,-10.3592983713
TetraBloechl,PseudoPot,VASP,550,Mo,Rp,10,e0,xxx,murnaghan,bcc,-10.3592983713
TetraBloechl,PseudoPot,VASP,550,Mo,Rp,12,B,xxx,murnaghan,bcc,258.038625758
TetraBloechl,PseudoPot,VASP,550,Mo,Rp,12,B,xxx,murnaghan,bcc,258.038625758
TetraBloechl,PseudoPot,VASP,550,Mo,Rp,12,a0,xxx,murnaghan,bcc,3.16421353209
TetraBloechl,PseudoPot,VASP,550,Mo,Rp,12,a0,xxx,murnaghan,bcc,3.16421353209
TetraBloechl,PseudoPot,VASP,550,Mo,Rp,12,dB,xxx,murnaghan,bcc,4.2333445781
TetraBloechl,PseudoPot,VASP,550,Mo,Rp,12,dB,xxx,murnaghan,bcc,4.2333445781
TetraBloechl,PseudoPot,VASP,550,Mo,Rp,12,e0,xxx,murnaghan,bcc,-10.3697559914
TetraBloechl,PseudoPot,VASP,550,Mo,Rp,12,e0,xxx,murnaghan,bcc,-10.3697559914
TetraBloechl,PseudoPot,VASP,550,Mo,Rp,14,B,xxx,murnaghan,bcc,257.261500422
TetraBloechl,PseudoPot,VASP,550,Mo,Rp,14,B,xxx,murnaghan,bcc,257.261500422
TetraBloechl,PseudoPot,VASP,550,Mo,Rp,14,a0,xxx,murnaghan,bcc,3.16465291882
TetraBloechl,PseudoPot,VASP,550,Mo,Rp,14,a0,xxx,murnaghan,bcc,3.16465291882
TetraBloechl,PseudoPot,VASP,550,Mo,Rp,14,dB,xxx,murnaghan,bcc,4.22362327422
TetraBloechl,PseudoPot,VASP,550,Mo,Rp,14,dB,xxx,murnaghan,bcc,4.22362327422
TetraBloechl,PseudoPot,VASP,550,Mo,Rp,14,e0,xxx,murnaghan,bcc,-10.3661239306
TetraBloechl,PseudoPot,VASP,550,Mo,Rp,14,e0,xxx,murnaghan,bcc,-10.3661239306
TetraBloechl,PseudoPot,VASP,550,Mo,Rp,16,B,xxx,murnaghan,bcc,257.13421106
TetraBloechl,PseudoPot,VASP,550,Mo,Rp,16,a0,xxx,murnaghan,bcc,3.16413232257
TetraBloechl,PseudoPot,VASP,550,Mo,Rp,16,dB,xxx,murnaghan,bcc,4.33093241576
TetraBloechl,PseudoPot,VASP,550,Mo,Rp,16,e0,xxx,murnaghan,bcc,-10.369373157
TetraBloechl,PseudoPot,VASP,550,Mo,Rp,18,B,xxx,murnaghan,bcc,257.172870759
TetraBloechl,PseudoPot,VASP,550,Mo,Rp,18,a0,xxx,murnaghan,bcc,3.16422861723
TetraBloechl,PseudoPot,VASP,550,Mo,Rp,18,dB,xxx,murnaghan,bcc,4.31504602381
TetraBloechl,PseudoPot,VASP,550,Mo,Rp,18,e0,xxx,murnaghan,bcc,-10.368849941
TetraBloechl,PseudoPot,VASP,550,Mo,Rp,20,B,xxx,murnaghan,bcc,257.080098953
TetraBloechl,PseudoPot,VASP,550,Mo,Rp,20,a0,xxx,murnaghan,bcc,3.16419061403
TetraBloechl,PseudoPot,VASP,550,Mo,Rp,20,dB,xxx,murnaghan,bcc,4.3199969034
TetraBloechl,PseudoPot,VASP,550,Mo,Rp,20,e0,xxx,murnaghan,bcc,-10.3692839055
TetraBloechl,PseudoPot,VASP,550,Mo,Rp,22,B,xxx,murnaghan,bcc,257.090823028
TetraBloechl,PseudoPot,VASP,550,Mo,Rp,22,a0,xxx,murnaghan,bcc,3.16421851134
TetraBloechl,PseudoPot,VASP,550,Mo,Rp,22,dB,xxx,murnaghan,bcc,4.3076966163
TetraBloechl,PseudoPot,VASP,550,Mo,Rp,22,e0,xxx,murnaghan,bcc,-10.369399473
TetraBloechl,PseudoPot,VASP,550,Mo,Rp,24,B,xxx,murnaghan,bcc,256.905473084
TetraBloechl,PseudoPot,VASP,550,Mo,Rp,24,a0,xxx,murnaghan,bcc,3.1641927692
TetraBloechl,PseudoPot,VASP,550,Mo,Rp,24,dB,xxx,murnaghan,bcc,4.31920790917
TetraBloechl,PseudoPot,VASP,550,Mo,Rp,24,e0,xxx,murnaghan,bcc,-10.3691565032
TetraBloechl,PseudoPot,VASP,550,Mo,Rp,26,B,xxx,murnaghan,bcc,257.155375528
TetraBloechl,PseudoPot,VASP,550,Mo,Rp,26,a0,xxx,murnaghan,bcc,3.16418043597
TetraBloechl,PseudoPot,VASP,550,Mo,Rp,26,dB,xxx,murnaghan,bcc,4.33330461798
TetraBloechl,PseudoPot,VASP,550,Mo,Rp,26,e0,xxx,murnaghan,bcc,-10.3696160723
TetraBloechl,PseudoPot,VASP,550,Mo,Rp,28,B,xxx,murnaghan,bcc,257.003147239
TetraBloechl,PseudoPot,VASP,550,Mo,Rp,28,a0,xxx,murnaghan,bcc,3.16421530374
TetraBloechl,PseudoPot,VASP,550,Mo,Rp,28,dB,xxx,murnaghan,bcc,4.33685235721
TetraBloechl,PseudoPot,VASP,550,Mo,Rp,28,e0,xxx,murnaghan,bcc,-10.3693170301
TetraBloechl,PseudoPot,VASP,550,Mo,Rp,30,B,xxx,murnaghan,bcc,257.078326639
TetraBloechl,PseudoPot,VASP,550,Mo,Rp,30,a0,xxx,murnaghan,bcc,3.16416382537
TetraBloechl,PseudoPot,VASP,550,Mo,Rp,30,dB,xxx,murnaghan,bcc,4.33291639412
TetraBloechl,PseudoPot,VASP,550,Mo,Rp,30,e0,xxx,murnaghan,bcc,-10.3695368283
TetraBloechl,PseudoPot,VASP,550,Mo,Rp,32,B,xxx,murnaghan,bcc,257.121098601
TetraBloechl,PseudoPot,VASP,550,Mo,Rp,32,a0,xxx,murnaghan,bcc,3.16419733959
TetraBloechl,PseudoPot,VASP,550,Mo,Rp,32,dB,xxx,murnaghan,bcc,4.32482724608
TetraBloechl,PseudoPot,VASP,550,Mo,Rp,32,e0,xxx,murnaghan,bcc,-10.3695010156
TetraBloechl,PseudoPot,VASP,550,Mo,Rp,34,B,xxx,murnaghan,bcc,256.970335347
TetraBloechl,PseudoPot,VASP,550,Mo,Rp,34,a0,xxx,murnaghan,bcc,3.16421430853
TetraBloechl,PseudoPot,VASP,550,Mo,Rp,34,dB,xxx,murnaghan,bcc,4.30137263655
TetraBloechl,PseudoPot,VASP,550,Mo,Rp,34,e0,xxx,murnaghan,bcc,-10.3694654502
TetraBloechl,PseudoPot,VASP,550,Mo,Rp,36,B,xxx,murnaghan,bcc,257.09080523
TetraBloechl,PseudoPot,VASP,550,Mo,Rp,36,a0,xxx,murnaghan,bcc,3.16419329683
TetraBloechl,PseudoPot,VASP,550,Mo,Rp,36,dB,xxx,murnaghan,bcc,4.31181821975
TetraBloechl,PseudoPot,VASP,550,Mo,Rp,36,e0,xxx,murnaghan,bcc,-10.3695415434
TetraBloechl,PseudoPot,VASP,550,Mo,Rp,38,B,xxx,murnaghan,bcc,257.050886701
TetraBloechl,PseudoPot,VASP,550,Mo,Rp,38,a0,xxx,murnaghan,bcc,3.16419370402
TetraBloechl,PseudoPot,VASP,550,Mo,Rp,38,dB,xxx,murnaghan,bcc,4.32408456807
TetraBloechl,PseudoPot,VASP,550,Mo,Rp,38,e0,xxx,murnaghan,bcc,-10.3694851068
TetraBloechl,PseudoPot,VASP,550,Mo,Rp,40,B,xxx,murnaghan,bcc,257.12304935
TetraBloechl,PseudoPot,VASP,550,Mo,Rp,40,a0,xxx,murnaghan,bcc,3.16418637269
TetraBloechl,PseudoPot,VASP,550,Mo,Rp,40,dB,xxx,murnaghan,bcc,4.32717148633
TetraBloechl,PseudoPot,VASP,550,Mo,Rp,40,e0,xxx,murnaghan,bcc,-10.369568378
TetraBloechl,PseudoPot,VASP,550,Mo,Rp,52,B,xxx,murnaghan,bcc,257.111478186
TetraBloechl,PseudoPot,VASP,550,Mo,Rp,52,a0,xxx,murnaghan,bcc,3.16419201094
TetraBloechl,PseudoPot,VASP,550,Mo,Rp,52,dB,xxx,murnaghan,bcc,4.32196750371
TetraBloechl,PseudoPot,VASP,550,Mo,Rp,52,e0,xxx,murnaghan,bcc,-10.3695308926
TetraBloechl,PseudoPot,VASP,550,Mo,Rp,54,B,xxx,murnaghan,bcc,257.073859403
TetraBloechl,PseudoPot,VASP,550,Mo,Rp,54,a0,xxx,murnaghan,bcc,3.16419275278
TetraBloechl,PseudoPot,VASP,550,Mo,Rp,54,dB,xxx,murnaghan,bcc,4.32375683687
TetraBloechl,PseudoPot,VASP,550,Mo,Rp,54,e0,xxx,murnaghan,bcc,-10.3695524096
TetraBloechl,PseudoPot,VASP,550,Mo,Rp,56,B,xxx,murnaghan,bcc,257.091387332
TetraBloechl,PseudoPot,VASP,550,Mo,Rp,56,a0,xxx,murnaghan,bcc,3.16419524604
TetraBloechl,PseudoPot,VASP,550,Mo,Rp,56,dB,xxx,murnaghan,bcc,4.31497144932
TetraBloechl,PseudoPot,VASP,550,Mo,Rp,56,e0,xxx,murnaghan,bcc,-10.3695289713
TetraBloechl,PseudoPot,VASP,550,Mo,Rp,58,B,xxx,murnaghan,bcc,257.071349704
TetraBloechl,PseudoPot,VASP,550,Mo,Rp,58,a0,xxx,murnaghan,bcc,3.16419409717
TetraBloechl,PseudoPot,VASP,550,Mo,Rp,58,dB,xxx,murnaghan,bcc,4.31385899136
TetraBloechl,PseudoPot,VASP,550,Mo,Rp,58,e0,xxx,murnaghan,bcc,-10.3695432801
TetraBloechl,PseudoPot,VASP,550,Mo,Rp,60,B,xxx,murnaghan,bcc,257.10674241
TetraBloechl,PseudoPot,VASP,550,Mo,Rp,60,a0,xxx,murnaghan,bcc,3.16419111481
TetraBloechl,PseudoPot,VASP,550,Mo,Rp,60,dB,xxx,murnaghan,bcc,4.32415842927
TetraBloechl,PseudoPot,VASP,550,Mo,Rp,60,e0,xxx,murnaghan,bcc,-10.3695449932
TetraBloechl,PseudoPot,VASP,550,Mo,Rp,62,B,xxx,murnaghan,bcc,257.064700211
TetraBloechl,PseudoPot,VASP,550,Mo,Rp,62,a0,xxx,murnaghan,bcc,3.16419511504
TetraBloechl,PseudoPot,VASP,550,Mo,Rp,62,dB,xxx,murnaghan,bcc,4.32241555046
TetraBloechl,PseudoPot,VASP,550,Mo,Rp,62,e0,xxx,murnaghan,bcc,-10.3695328294
TetraBloechl,PseudoPot,VASP,550,Mo,Rp,64,B,xxx,murnaghan,bcc,257.07417025
TetraBloechl,PseudoPot,VASP,550,Mo,Rp,64,a0,xxx,murnaghan,bcc,3.1641883192
TetraBloechl,PseudoPot,VASP,550,Mo,Rp,64,dB,xxx,murnaghan,bcc,4.32194511273
TetraBloechl,PseudoPot,VASP,550,Mo,Rp,64,e0,xxx,murnaghan,bcc,-10.3695471898
TetraBloechl,PseudoPot,VASP,550,Mo,Rp,66,B,xxx,murnaghan,bcc,257.101793975
TetraBloechl,PseudoPot,VASP,550,Mo,Rp,66,a0,xxx,murnaghan,bcc,3.16419235273
TetraBloechl,PseudoPot,VASP,550,Mo,Rp,66,dB,xxx,murnaghan,bcc,4.32525846167
TetraBloechl,PseudoPot,VASP,550,Mo,Rp,66,e0,xxx,murnaghan,bcc,-10.3695409512
TetraBloechl,PseudoPot,VASP,550,Mo,Rp,68,B,xxx,murnaghan,bcc,257.084030029
TetraBloechl,PseudoPot,VASP,550,Mo,Rp,68,a0,xxx,murnaghan,bcc,3.16419422307
TetraBloechl,PseudoPot,VASP,550,Mo,Rp,68,dB,xxx,murnaghan,bcc,4.31766517818
TetraBloechl,PseudoPot,VASP,550,Mo,Rp,68,e0,xxx,murnaghan,bcc,-10.3695457684
TetraBloechl,PseudoPot,VASP,550,Mo,Rp,70,B,xxx,murnaghan,bcc,257.088024363
TetraBloechl,PseudoPot,VASP,550,Mo,Rp,70,a0,xxx,murnaghan,bcc,3.16419322463
TetraBloechl,PseudoPot,VASP,550,Mo,Rp,70,dB,xxx,murnaghan,bcc,4.31865751442
TetraBloechl,PseudoPot,VASP,550,Mo,Rp,70,e0,xxx,murnaghan,bcc,-10.3695385518
TetraBloechl,PseudoPot,VASP,550,Mo,91,6,B,xxx,murnaghan,bcc,267.090833446
TetraBloechl,PseudoPot,VASP,550,Mo,91,6,B,xxx,murnaghan,bcc,267.090823312
TetraBloechl,PseudoPot,VASP,550,Mo,91,6,a0,xxx,murnaghan,bcc,3.15535767054
TetraBloechl,PseudoPot,VASP,550,Mo,91,6,a0,xxx,murnaghan,bcc,3.15535767501
TetraBloechl,PseudoPot,VASP,550,Mo,91,6,dB,xxx,murnaghan,bcc,4.28042813151
TetraBloechl,PseudoPot,VASP,550,Mo,91,6,dB,xxx,murnaghan,bcc,4.28041899821
TetraBloechl,PseudoPot,VASP,550,Mo,91,6,e0,xxx,murnaghan,bcc,-10.907224561
TetraBloechl,PseudoPot,VASP,550,Mo,91,6,e0,xxx,murnaghan,bcc,-10.9072245614
TetraBloechl,PseudoPot,VASP,550,Mo,91,8,B,xxx,murnaghan,bcc,266.20689832
TetraBloechl,PseudoPot,VASP,550,Mo,91,8,a0,xxx,murnaghan,bcc,3.1576709049
TetraBloechl,PseudoPot,VASP,550,Mo,91,8,dB,xxx,murnaghan,bcc,4.25418153208
TetraBloechl,PseudoPot,VASP,550,Mo,91,8,e0,xxx,murnaghan,bcc,-10.9037975159
TetraBloechl,PseudoPot,VASP,550,Mo,91,10,B,xxx,murnaghan,bcc,266.408964026
TetraBloechl,PseudoPot,VASP,550,Mo,91,10,a0,xxx,murnaghan,bcc,3.15738814965
TetraBloechl,PseudoPot,VASP,550,Mo,91,10,dB,xxx,murnaghan,bcc,3.23665406579
TetraBloechl,PseudoPot,VASP,550,Mo,91,10,e0,xxx,murnaghan,bcc,-10.9024160722
TetraBloechl,PseudoPot,VASP,550,Mo,91,12,B,xxx,murnaghan,bcc,266.700683147
TetraBloechl,PseudoPot,VASP,550,Mo,91,12,a0,xxx,murnaghan,bcc,3.15607007957
TetraBloechl,PseudoPot,VASP,550,Mo,91,12,dB,xxx,murnaghan,bcc,4.29846691248
TetraBloechl,PseudoPot,VASP,550,Mo,91,12,e0,xxx,murnaghan,bcc,-10.9134965748
TetraBloechl,PseudoPot,VASP,550,Mo,91,14,B,xxx,murnaghan,bcc,266.117420294
TetraBloechl,PseudoPot,VASP,550,Mo,91,14,a0,xxx,murnaghan,bcc,3.15643459633
TetraBloechl,PseudoPot,VASP,550,Mo,91,14,dB,xxx,murnaghan,bcc,4.27541628571
TetraBloechl,PseudoPot,VASP,550,Mo,91,14,e0,xxx,murnaghan,bcc,-10.9097003574
TetraBloechl,PseudoPot,VASP,550,Mo,91,16,B,xxx,murnaghan,bcc,266.555014208
TetraBloechl,PseudoPot,VASP,550,Mo,91,16,a0,xxx,murnaghan,bcc,3.15595111046
TetraBloechl,PseudoPot,VASP,550,Mo,91,16,dB,xxx,murnaghan,bcc,4.2949164944
TetraBloechl,PseudoPot,VASP,550,Mo,91,16,e0,xxx,murnaghan,bcc,-10.9132253735
TetraBloechl,PseudoPot,VASP,550,Mo,91,18,B,xxx,murnaghan,bcc,266.598732973
TetraBloechl,PseudoPot,VASP,550,Mo,91,18,a0,xxx,murnaghan,bcc,3.15604791814
TetraBloechl,PseudoPot,VASP,550,Mo,91,18,dB,xxx,murnaghan,bcc,4.30821775292
TetraBloechl,PseudoPot,VASP,550,Mo,91,18,e0,xxx,murnaghan,bcc,-10.9126501041
TetraBloechl,PseudoPot,VASP,550,Mo,91,20,B,xxx,murnaghan,bcc,266.50584799
TetraBloechl,PseudoPot,VASP,550,Mo,91,20,a0,xxx,murnaghan,bcc,3.15599340233
TetraBloechl,PseudoPot,VASP,550,Mo,91,20,dB,xxx,murnaghan,bcc,4.32183836164
TetraBloechl,PseudoPot,VASP,550,Mo,91,20,e0,xxx,murnaghan,bcc,-10.9131098545
TetraBloechl,PseudoPot,VASP,550,Mo,91,22,B,xxx,murnaghan,bcc,266.371927441
TetraBloechl,PseudoPot,VASP,550,Mo,91,22,a0,xxx,murnaghan,bcc,3.15602745868
TetraBloechl,PseudoPot,VASP,550,Mo,91,22,dB,xxx,murnaghan,bcc,4.28539449962
TetraBloechl,PseudoPot,VASP,550,Mo,91,22,e0,xxx,murnaghan,bcc,-10.9131971676
TetraBloechl,PseudoPot,VASP,550,Mo,91,24,B,xxx,murnaghan,bcc,266.384169858
TetraBloechl,PseudoPot,VASP,550,Mo,91,24,a0,xxx,murnaghan,bcc,3.15599094112
TetraBloechl,PseudoPot,VASP,550,Mo,91,24,dB,xxx,murnaghan,bcc,4.31703976445
TetraBloechl,PseudoPot,VASP,550,Mo,91,24,e0,xxx,murnaghan,bcc,-10.912996223
TetraBloechl,PseudoPot,VASP,550,Mo,91,26,B,xxx,murnaghan,bcc,266.628027161
TetraBloechl,PseudoPot,VASP,550,Mo,91,26,a0,xxx,murnaghan,bcc,3.15600264956
TetraBloechl,PseudoPot,VASP,550,Mo,91,26,dB,xxx,murnaghan,bcc,4.31436127659
TetraBloechl,PseudoPot,VASP,550,Mo,91,26,e0,xxx,murnaghan,bcc,-10.9134369888
TetraBloechl,PseudoPot,VASP,550,Mo,91,28,B,xxx,murnaghan,bcc,266.540575934
TetraBloechl,PseudoPot,VASP,550,Mo,91,28,a0,xxx,murnaghan,bcc,3.1560267181
TetraBloechl,PseudoPot,VASP,550,Mo,91,28,dB,xxx,murnaghan,bcc,4.30636379135
TetraBloechl,PseudoPot,VASP,550,Mo,91,28,e0,xxx,murnaghan,bcc,-10.9131262779
TetraBloechl,PseudoPot,VASP,550,Mo,91,30,B,xxx,murnaghan,bcc,266.532313282
TetraBloechl,PseudoPot,VASP,550,Mo,91,30,a0,xxx,murnaghan,bcc,3.15597917932
TetraBloechl,PseudoPot,VASP,550,Mo,91,30,dB,xxx,murnaghan,bcc,4.30777055506
TetraBloechl,PseudoPot,VASP,550,Mo,91,30,e0,xxx,murnaghan,bcc,-10.9133689656
TetraBloechl,PseudoPot,VASP,550,Mo,91,32,B,xxx,murnaghan,bcc,266.581997857
TetraBloechl,PseudoPot,VASP,550,Mo,91,32,a0,xxx,murnaghan,bcc,3.15601275696
TetraBloechl,PseudoPot,VASP,550,Mo,91,32,dB,xxx,murnaghan,bcc,4.30698238869
TetraBloechl,PseudoPot,VASP,550,Mo,91,32,e0,xxx,murnaghan,bcc,-10.9133150479
TetraBloechl,PseudoPot,VASP,550,Mo,91,34,B,xxx,murnaghan,bcc,266.414554148
TetraBloechl,PseudoPot,VASP,550,Mo,91,34,a0,xxx,murnaghan,bcc,3.15601762402
TetraBloechl,PseudoPot,VASP,550,Mo,91,34,dB,xxx,murnaghan,bcc,4.29904709012
TetraBloechl,PseudoPot,VASP,550,Mo,91,34,e0,xxx,murnaghan,bcc,-10.9132980598
TetraBloechl,PseudoPot,VASP,550,Mo,91,36,B,xxx,murnaghan,bcc,266.508075412
TetraBloechl,PseudoPot,VASP,550,Mo,91,36,a0,xxx,murnaghan,bcc,3.15599957015
TetraBloechl,PseudoPot,VASP,550,Mo,91,36,dB,xxx,murnaghan,bcc,4.30600939289
TetraBloechl,PseudoPot,VASP,550,Mo,91,36,e0,xxx,murnaghan,bcc,-10.9133611826
TetraBloechl,PseudoPot,VASP,550,Mo,91,38,B,xxx,murnaghan,bcc,266.492861636
TetraBloechl,PseudoPot,VASP,550,Mo,91,38,a0,xxx,murnaghan,bcc,3.15600428134
TetraBloechl,PseudoPot,VASP,550,Mo,91,38,dB,xxx,murnaghan,bcc,4.30465349662
TetraBloechl,PseudoPot,VASP,550,Mo,91,38,e0,xxx,murnaghan,bcc,-10.9133095177
TetraBloechl,PseudoPot,VASP,550,Mo,91,40,B,xxx,murnaghan,bcc,266.541469445
TetraBloechl,PseudoPot,VASP,550,Mo,91,40,a0,xxx,murnaghan,bcc,3.15600312065
TetraBloechl,PseudoPot,VASP,550,Mo,91,40,dB,xxx,murnaghan,bcc,4.30124674015
TetraBloechl,PseudoPot,VASP,550,Mo,91,40,e0,xxx,murnaghan,bcc,-10.9133855734
TetraBloechl,PseudoPot,VASP,550,Mo,91,44,B,xxx,murnaghan,bcc,266.471512308
TetraBloechl,PseudoPot,VASP,550,Mo,91,44,a0,xxx,murnaghan,bcc,3.15599548931
TetraBloechl,PseudoPot,VASP,550,Mo,91,44,dB,xxx,murnaghan,bcc,4.30847517704
TetraBloechl,PseudoPot,VASP,550,Mo,91,44,e0,xxx,murnaghan,bcc,-10.9133651698
TetraBloechl,PseudoPot,VASP,550,Mo,91,46,B,xxx,murnaghan,bcc,266.545802163
TetraBloechl,PseudoPot,VASP,550,Mo,91,46,a0,xxx,murnaghan,bcc,3.15600569723
TetraBloechl,PseudoPot,VASP,550,Mo,91,46,dB,xxx,murnaghan,bcc,4.30881223782
TetraBloechl,PseudoPot,VASP,550,Mo,91,46,e0,xxx,murnaghan,bcc,-10.9133591271
TetraBloechl,PseudoPot,VASP,550,Mo,91,48,B,xxx,murnaghan,bcc,266.475639425
TetraBloechl,PseudoPot,VASP,550,Mo,91,48,a0,xxx,murnaghan,bcc,3.15601033677
TetraBloechl,PseudoPot,VASP,550,Mo,91,48,dB,xxx,murnaghan,bcc,4.29960066114
TetraBloechl,PseudoPot,VASP,550,Mo,91,48,e0,xxx,murnaghan,bcc,-10.9133356594
TetraBloechl,PseudoPot,VASP,550,Mo,91,50,B,xxx,murnaghan,bcc,266.523435948
TetraBloechl,PseudoPot,VASP,550,Mo,91,50,a0,xxx,murnaghan,bcc,3.15599791398
TetraBloechl,PseudoPot,VASP,550,Mo,91,50,dB,xxx,murnaghan,bcc,4.30704415138
TetraBloechl,PseudoPot,VASP,550,Mo,91,50,e0,xxx,murnaghan,bcc,-10.913373565
TetraBloechl,PseudoPot,VASP,550,Mo,91,52,B,xxx,murnaghan,bcc,266.527619386
TetraBloechl,PseudoPot,VASP,550,Mo,91,52,a0,xxx,murnaghan,bcc,3.1560066874
TetraBloechl,PseudoPot,VASP,550,Mo,91,52,dB,xxx,murnaghan,bcc,4.30025468776
TetraBloechl,PseudoPot,VASP,550,Mo,91,52,e0,xxx,murnaghan,bcc,-10.9133519091
TetraBloechl,PseudoPot,VASP,550,Mo,91,54,B,xxx,murnaghan,bcc,266.507250631
TetraBloechl,PseudoPot,VASP,550,Mo,91,54,a0,xxx,murnaghan,bcc,3.15600479054
TetraBloechl,PseudoPot,VASP,550,Mo,91,54,dB,xxx,murnaghan,bcc,4.30128907067
TetraBloechl,PseudoPot,VASP,550,Mo,91,54,e0,xxx,murnaghan,bcc,-10.9133720721
TetraBloechl,PseudoPot,VASP,550,Mo,91,56,B,xxx,murnaghan,bcc,266.500552713
TetraBloechl,PseudoPot,VASP,550,Mo,91,56,a0,xxx,murnaghan,bcc,3.15600484249
TetraBloechl,PseudoPot,VASP,550,Mo,91,56,dB,xxx,murnaghan,bcc,4.30374168477
TetraBloechl,PseudoPot,VASP,550,Mo,91,56,e0,xxx,murnaghan,bcc,-10.9133485739
TetraBloechl,PseudoPot,VASP,550,Mo,91,58,B,xxx,murnaghan,bcc,266.48135459
TetraBloechl,PseudoPot,VASP,550,Mo,91,58,a0,xxx,murnaghan,bcc,3.15600340644
TetraBloechl,PseudoPot,VASP,550,Mo,91,58,dB,xxx,murnaghan,bcc,4.29907315951
TetraBloechl,PseudoPot,VASP,550,Mo,91,58,e0,xxx,murnaghan,bcc,-10.9133664312
TetraBloechl,PseudoPot,VASP,550,Mo,91,60,B,xxx,murnaghan,bcc,266.537650775
TetraBloechl,PseudoPot,VASP,550,Mo,91,60,a0,xxx,murnaghan,bcc,3.1560072411
TetraBloechl,PseudoPot,VASP,550,Mo,91,60,dB,xxx,murnaghan,bcc,4.29982321559
TetraBloechl,PseudoPot,VASP,550,Mo,91,60,e0,xxx,murnaghan,bcc,-10.9133640475
TetraBloechl,PseudoPot,VASP,550,Mo,91,62,B,xxx,murnaghan,bcc,266.504951107
TetraBloechl,PseudoPot,VASP,550,Mo,91,62,a0,xxx,murnaghan,bcc,3.15600763399
TetraBloechl,PseudoPot,VASP,550,Mo,91,62,dB,xxx,murnaghan,bcc,4.29688216999
TetraBloechl,PseudoPot,VASP,550,Mo,91,62,e0,xxx,murnaghan,bcc,-10.9133558911
TetraBloechl,PseudoPot,VASP,550,Mo,91,64,B,xxx,murnaghan,bcc,266.515369932
TetraBloechl,PseudoPot,VASP,550,Mo,91,64,a0,xxx,murnaghan,bcc,3.15599927802
TetraBloechl,PseudoPot,VASP,550,Mo,91,64,dB,xxx,murnaghan,bcc,4.30482021269
TetraBloechl,PseudoPot,VASP,550,Mo,91,64,e0,xxx,murnaghan,bcc,-10.9133697974
TetraBloechl,PseudoPot,VASP,550,Mo,91,66,B,xxx,murnaghan,bcc,266.535842004
TetraBloechl,PseudoPot,VASP,550,Mo,91,66,a0,xxx,murnaghan,bcc,3.15600484837
TetraBloechl,PseudoPot,VASP,550,Mo,91,66,dB,xxx,murnaghan,bcc,4.30668496011
TetraBloechl,PseudoPot,VASP,550,Mo,91,66,e0,xxx,murnaghan,bcc,-10.9133615739
TetraBloechl,PseudoPot,VASP,550,Mo,91,68,B,xxx,murnaghan,bcc,266.511616665
TetraBloechl,PseudoPot,VASP,550,Mo,91,68,a0,xxx,murnaghan,bcc,3.15600532143
TetraBloechl,PseudoPot,VASP,550,Mo,91,68,dB,xxx,murnaghan,bcc,4.3015069271
TetraBloechl,PseudoPot,VASP,550,Mo,91,68,e0,xxx,murnaghan,bcc,-10.9133693217
TetraBloechl,PseudoPot,VASP,550,Mo,91,70,B,xxx,murnaghan,bcc,266.508676927
TetraBloechl,PseudoPot,VASP,550,Mo,91,70,a0,xxx,murnaghan,bcc,3.15600239519
TetraBloechl,PseudoPot,VASP,550,Mo,91,70,dB,xxx,murnaghan,bcc,4.30511690478
TetraBloechl,PseudoPot,VASP,550,Mo,91,70,e0,xxx,murnaghan,bcc,-10.9133588655
TetraBloechl,PseudoPot,VASP,550,Mo,__,8,B,xxx,murnaghan,bcc,270.061255716
TetraBloechl,PseudoPot,VASP,550,Mo,__,8,a0,xxx,murnaghan,bcc,3.15253582123
TetraBloechl,PseudoPot,VASP,550,Mo,__,8,dB,xxx,murnaghan,bcc,3.89800561344
TetraBloechl,PseudoPot,VASP,550,Mo,__,8,e0,xxx,murnaghan,bcc,-10.9406374534
TetraBloechl,PseudoPot,VASP,550,Mo,__,10,B,xxx,murnaghan,bcc,268.844136898
TetraBloechl,PseudoPot,VASP,550,Mo,__,10,a0,xxx,murnaghan,bcc,3.15208534616
TetraBloechl,PseudoPot,VASP,550,Mo,__,10,dB,xxx,murnaghan,bcc,3.23651014966
TetraBloechl,PseudoPot,VASP,550,Mo,__,10,e0,xxx,murnaghan,bcc,-10.9387486411
TetraBloechl,PseudoPot,VASP,550,Mo,__,12,B,xxx,murnaghan,bcc,269.261068888
TetraBloechl,PseudoPot,VASP,550,Mo,__,12,a0,xxx,murnaghan,bcc,3.15084583825
TetraBloechl,PseudoPot,VASP,550,Mo,__,12,dB,xxx,murnaghan,bcc,4.17018076042
TetraBloechl,PseudoPot,VASP,550,Mo,__,12,e0,xxx,murnaghan,bcc,-10.9496090709
TetraBloechl,PseudoPot,VASP,550,Mo,__,14,B,xxx,murnaghan,bcc,268.294378268
TetraBloechl,PseudoPot,VASP,550,Mo,__,14,a0,xxx,murnaghan,bcc,3.15127227311
TetraBloechl,PseudoPot,VASP,550,Mo,__,14,dB,xxx,murnaghan,bcc,4.16454905771
TetraBloechl,PseudoPot,VASP,550,Mo,__,14,e0,xxx,murnaghan,bcc,-10.9458488013
TetraBloechl,PseudoPot,VASP,550,Mo,__,16,B,xxx,murnaghan,bcc,268.316815983
TetraBloechl,PseudoPot,VASP,550,Mo,__,16,a0,xxx,murnaghan,bcc,3.15074385785
TetraBloechl,PseudoPot,VASP,550,Mo,__,16,dB,xxx,murnaghan,bcc,4.28851809168
TetraBloechl,PseudoPot,VASP,550,Mo,__,16,e0,xxx,murnaghan,bcc,-10.9492476131
TetraBloechl,PseudoPot,VASP,550,Mo,__,18,B,xxx,murnaghan,bcc,268.354211047
TetraBloechl,PseudoPot,VASP,550,Mo,__,18,a0,xxx,murnaghan,bcc,3.15083820162
TetraBloechl,PseudoPot,VASP,550,Mo,__,18,dB,xxx,murnaghan,bcc,4.28042666565
TetraBloechl,PseudoPot,VASP,550,Mo,__,18,e0,xxx,murnaghan,bcc,-10.9486945364
TetraBloechl,PseudoPot,VASP,550,Mo,__,20,B,xxx,murnaghan,bcc,268.254235544
TetraBloechl,PseudoPot,VASP,550,Mo,__,20,a0,xxx,murnaghan,bcc,3.15079520102
TetraBloechl,PseudoPot,VASP,550,Mo,__,20,dB,xxx,murnaghan,bcc,4.28826098225
TetraBloechl,PseudoPot,VASP,550,Mo,__,20,e0,xxx,murnaghan,bcc,-10.9491457052
TetraBloechl,PseudoPot,VASP,550,Mo,__,22,B,xxx,murnaghan,bcc,268.246806567
TetraBloechl,PseudoPot,VASP,550,Mo,__,22,a0,xxx,murnaghan,bcc,3.15082607879
TetraBloechl,PseudoPot,VASP,550,Mo,__,22,dB,xxx,murnaghan,bcc,4.26201549709
TetraBloechl,PseudoPot,VASP,550,Mo,__,22,e0,xxx,murnaghan,bcc,-10.9492547943
TetraBloechl,PseudoPot,VASP,550,Mo,__,24,B,xxx,murnaghan,bcc,268.0785182
TetraBloechl,PseudoPot,VASP,550,Mo,__,24,a0,xxx,murnaghan,bcc,3.1507866739
TetraBloechl,PseudoPot,VASP,550,Mo,__,24,dB,xxx,murnaghan,bcc,4.29403520463
TetraBloechl,PseudoPot,VASP,550,Mo,__,24,e0,xxx,murnaghan,bcc,-10.9490142572
TetraBloechl,PseudoPot,VASP,550,Mo,__,26,B,xxx,murnaghan,bcc,268.384261862
TetraBloechl,PseudoPot,VASP,550,Mo,__,26,a0,xxx,murnaghan,bcc,3.1507893706
TetraBloechl,PseudoPot,VASP,550,Mo,__,26,dB,xxx,murnaghan,bcc,4.2996395469
TetraBloechl,PseudoPot,VASP,550,Mo,__,26,e0,xxx,murnaghan,bcc,-10.9494801233
TetraBloechl,PseudoPot,VASP,550,Mo,__,28,B,xxx,murnaghan,bcc,268.21034333
TetraBloechl,PseudoPot,VASP,550,Mo,__,28,a0,xxx,murnaghan,bcc,3.15081620689
TetraBloechl,PseudoPot,VASP,550,Mo,__,28,dB,xxx,murnaghan,bcc,4.30922460526
TetraBloechl,PseudoPot,VASP,550,Mo,__,28,e0,xxx,murnaghan,bcc,-10.9491702799
TetraBloechl,PseudoPot,VASP,550,Mo,__,30,B,xxx,murnaghan,bcc,268.282669888
TetraBloechl,PseudoPot,VASP,550,Mo,__,30,a0,xxx,murnaghan,bcc,3.15076950071
TetraBloechl,PseudoPot,VASP,550,Mo,__,30,dB,xxx,murnaghan,bcc,4.29658518761
TetraBloechl,PseudoPot,VASP,550,Mo,__,30,e0,xxx,murnaghan,bcc,-10.9494046575
TetraBloechl,PseudoPot,VASP,550,Mo,__,32,B,xxx,murnaghan,bcc,268.321616091
TetraBloechl,PseudoPot,VASP,550,Mo,__,32,a0,xxx,murnaghan,bcc,3.15080234007
TetraBloechl,PseudoPot,VASP,550,Mo,__,32,dB,xxx,murnaghan,bcc,4.29598696144
TetraBloechl,PseudoPot,VASP,550,Mo,__,32,e0,xxx,murnaghan,bcc,-10.9493589827
TetraBloechl,PseudoPot,VASP,550,Mo,__,34,B,xxx,murnaghan,bcc,268.145428294
TetraBloechl,PseudoPot,VASP,550,Mo,__,34,a0,xxx,murnaghan,bcc,3.15080630674
TetraBloechl,PseudoPot,VASP,550,Mo,__,34,dB,xxx,murnaghan,bcc,4.29179409791
TetraBloechl,PseudoPot,VASP,550,Mo,__,34,e0,xxx,murnaghan,bcc,-10.9493201206
TetraBloechl,PseudoPot,VASP,550,Mo,__,36,B,xxx,murnaghan,bcc,268.244168454
TetraBloechl,PseudoPot,VASP,550,Mo,__,36,a0,xxx,murnaghan,bcc,3.15079626514
TetraBloechl,PseudoPot,VASP,550,Mo,__,36,dB,xxx,murnaghan,bcc,4.28670541682
TetraBloechl,PseudoPot,VASP,550,Mo,__,36,e0,xxx,murnaghan,bcc,-10.9494011091
TetraBloechl,PseudoPot,VASP,550,Mo,__,38,B,xxx,murnaghan,bcc,268.240246862
TetraBloechl,PseudoPot,VASP,550,Mo,__,38,a0,xxx,murnaghan,bcc,3.15079533388
TetraBloechl,PseudoPot,VASP,550,Mo,__,38,dB,xxx,murnaghan,bcc,4.29235484003
TetraBloechl,PseudoPot,VASP,550,Mo,__,38,e0,xxx,murnaghan,bcc,-10.9493441936
TetraBloechl,PseudoPot,VASP,550,Mo,__,40,B,xxx,murnaghan,bcc,268.309363694
TetraBloechl,PseudoPot,VASP,550,Mo,__,40,a0,xxx,murnaghan,bcc,3.15079392471
TetraBloechl,PseudoPot,VASP,550,Mo,__,40,dB,xxx,murnaghan,bcc,4.28857761614
TetraBloechl,PseudoPot,VASP,550,Mo,__,40,e0,xxx,murnaghan,bcc,-10.9494297577
TetraBloechl,PseudoPot,VASP,550,Mo,__,42,B,xxx,murnaghan,bcc,268.256151122
TetraBloechl,PseudoPot,VASP,550,Mo,__,42,a0,xxx,murnaghan,bcc,3.15080399058
TetraBloechl,PseudoPot,VASP,550,Mo,__,42,dB,xxx,murnaghan,bcc,4.29036470435
TetraBloechl,PseudoPot,VASP,550,Mo,__,42,e0,xxx,murnaghan,bcc,-10.949358944
TetraBloechl,PseudoPot,VASP,550,Mo,__,44,B,xxx,murnaghan,bcc,268.213260208
TetraBloechl,PseudoPot,VASP,550,Mo,__,44,a0,xxx,murnaghan,bcc,3.15078926478
TetraBloechl,PseudoPot,VASP,550,Mo,__,44,dB,xxx,murnaghan,bcc,4.29509997907
TetraBloechl,PseudoPot,VASP,550,Mo,__,44,e0,xxx,murnaghan,bcc,-10.9494003932
TetraBloechl,PseudoPot,VASP,550,Mo,__,46,B,xxx,murnaghan,bcc,268.28587387
TetraBloechl,PseudoPot,VASP,550,Mo,__,46,a0,xxx,murnaghan,bcc,3.15079659481
TetraBloechl,PseudoPot,VASP,550,Mo,__,46,dB,xxx,murnaghan,bcc,4.29915950422
TetraBloechl,PseudoPot,VASP,550,Mo,__,46,e0,xxx,murnaghan,bcc,-10.9493986115
TetraBloechl,PseudoPot,VASP,550,Mo,__,48,B,xxx,murnaghan,bcc,268.240168294
TetraBloechl,PseudoPot,VASP,550,Mo,__,48,a0,xxx,murnaghan,bcc,3.15080335514
TetraBloechl,PseudoPot,VASP,550,Mo,__,48,dB,xxx,murnaghan,bcc,4.28641892308
TetraBloechl,PseudoPot,VASP,550,Mo,__,48,e0,xxx,murnaghan,bcc,-10.9493726768
TetraBloechl,PseudoPot,VASP,550,Mo,__,50,B,xxx,murnaghan,bcc,268.270730841
TetraBloechl,PseudoPot,VASP,550,Mo,__,50,a0,xxx,murnaghan,bcc,3.15079107989
TetraBloechl,PseudoPot,VASP,550,Mo,__,50,dB,xxx,murnaghan,bcc,4.29158723385
TetraBloechl,PseudoPot,VASP,550,Mo,__,50,e0,xxx,murnaghan,bcc,-10.9494126619
TetraBloechl,PseudoPot,VASP,550,Mo,__,52,B,xxx,murnaghan,bcc,268.287804005
TetraBloechl,PseudoPot,VASP,550,Mo,__,52,a0,xxx,murnaghan,bcc,3.15079741559
TetraBloechl,PseudoPot,VASP,550,Mo,__,52,dB,xxx,murnaghan,bcc,4.2909846479
TetraBloechl,PseudoPot,VASP,550,Mo,__,52,e0,xxx,murnaghan,bcc,-10.9493901605
TetraBloechl,PseudoPot,VASP,550,Mo,__,54,B,xxx,murnaghan,bcc,268.239254735
TetraBloechl,PseudoPot,VASP,550,Mo,__,54,a0,xxx,murnaghan,bcc,3.15079679773
TetraBloechl,PseudoPot,VASP,550,Mo,__,54,dB,xxx,murnaghan,bcc,4.2915549462
TetraBloechl,PseudoPot,VASP,550,Mo,__,54,e0,xxx,murnaghan,bcc,-10.9494100937
TetraBloechl,PseudoPot,VASP,550,Mo,__,56,B,xxx,murnaghan,bcc,268.271294457
TetraBloechl,PseudoPot,VASP,550,Mo,__,56,a0,xxx,murnaghan,bcc,3.15079809353
TetraBloechl,PseudoPot,VASP,550,Mo,__,56,dB,xxx,murnaghan,bcc,4.28970251507
TetraBloechl,PseudoPot,VASP,550,Mo,__,56,e0,xxx,murnaghan,bcc,-10.949389693
TetraBloechl,PseudoPot,VASP,550,Mo,__,58,B,xxx,murnaghan,bcc,268.229959101
TetraBloechl,PseudoPot,VASP,550,Mo,__,58,a0,xxx,murnaghan,bcc,3.15079530145
TetraBloechl,PseudoPot,VASP,550,Mo,__,58,dB,xxx,murnaghan,bcc,4.290816732
TetraBloechl,PseudoPot,VASP,550,Mo,__,58,e0,xxx,murnaghan,bcc,-10.9494010879
TetraBloechl,PseudoPot,VASP,550,Mo,__,60,B,xxx,murnaghan,bcc,268.296040909
TetraBloechl,PseudoPot,VASP,550,Mo,__,60,a0,xxx,murnaghan,bcc,3.15079645847
TetraBloechl,PseudoPot,VASP,550,Mo,__,60,dB,xxx,murnaghan,bcc,4.29480123108
TetraBloechl,PseudoPot,VASP,550,Mo,__,60,e0,xxx,murnaghan,bcc,-10.9494050764
TetraBloechl,PseudoPot,VASP,550,Mo,__,62,B,xxx,murnaghan,bcc,268.25563642
TetraBloechl,PseudoPot,VASP,550,Mo,__,62,a0,xxx,murnaghan,bcc,3.15080136873
TetraBloechl,PseudoPot,VASP,550,Mo,__,62,dB,xxx,murnaghan,bcc,4.28278620786
TetraBloechl,PseudoPot,VASP,550,Mo,__,62,e0,xxx,murnaghan,bcc,-10.9493920425
TetraBloechl,PseudoPot,VASP,550,Mo,__,64,B,xxx,murnaghan,bcc,268.27471696
TetraBloechl,PseudoPot,VASP,550,Mo,__,64,a0,xxx,murnaghan,bcc,3.15079131365
TetraBloechl,PseudoPot,VASP,550,Mo,__,64,dB,xxx,murnaghan,bcc,4.29577279269
TetraBloechl,PseudoPot,VASP,550,Mo,__,64,e0,xxx,murnaghan,bcc,-10.949409316
TetraBloechl,PseudoPot,VASP,550,Mo,__,66,B,xxx,murnaghan,bcc,268.278468335
TetraBloechl,PseudoPot,VASP,550,Mo,__,66,a0,xxx,murnaghan,bcc,3.15079835282
TetraBloechl,PseudoPot,VASP,550,Mo,__,66,dB,xxx,murnaghan,bcc,4.29181336277
TetraBloechl,PseudoPot,VASP,550,Mo,__,66,e0,xxx,murnaghan,bcc,-10.949399165
TetraBloechl,PseudoPot,VASP,550,Mo,__,68,B,xxx,murnaghan,bcc,268.243704268
TetraBloechl,PseudoPot,VASP,550,Mo,__,68,a0,xxx,murnaghan,bcc,3.15079598137
TetraBloechl,PseudoPot,VASP,550,Mo,__,68,dB,xxx,murnaghan,bcc,4.29362877161
TetraBloechl,PseudoPot,VASP,550,Mo,__,68,e0,xxx,murnaghan,bcc,-10.9494045591
TetraBloechl,PseudoPot,VASP,550,Mo,__,70,B,xxx,murnaghan,bcc,268.26652391
TetraBloechl,PseudoPot,VASP,550,Mo,__,70,a0,xxx,murnaghan,bcc,3.15079686589
TetraBloechl,PseudoPot,VASP,550,Mo,__,70,dB,xxx,murnaghan,bcc,4.29066059855
TetraBloechl,PseudoPot,VASP,550,Mo,__,70,e0,xxx,murnaghan,bcc,-10.9493990559
